aro	agalactiae_18RS21	agalactiae_2603V	agalactiae_515	agalactiae_A909	agalactiae_CJB111	agalactiae_COH1	agalactiae_H36B	agalactiae_NEM316
3000005	1	1	1	1	1	1	1	1
3000010	1	1	0	1	0	0	1	0
3000013	1	1	1	1	1	1	1	1
3000024	1	1	1	0	0	1	1	0
3000025	1	1	1	1	1	1	1	1
3000026	1	1	1	1	1	1	1	1
3000074	1	1	1	1	1	1	1	1
3000090	1	1	1	1	1	1	1	1
3000118	1	1	1	1	1	1	1	1
3000124	1	1	1	1	1	1	1	1
3000149	1	1	1	1	1	1	1	1
3000165	1	1	1	1	1	0	1	1
3000167	1	0	0	0	0	0	0	0
3000168	0	0	0	0	0	0	0	1
3000173	1	1	1	1	1	1	1	1
3000174	1	1	1	1	1	0	0	1
3000175	1	1	1	1	1	1	1	1
3000177	0	1	1	0	1	1	1	1
3000178	1	1	1	1	1	1	1	1
3000179	1	1	1	1	1	1	1	1
3000180	1	0	0	1	0	0	1	1
3000181	1	1	1	0	1	1	1	1
3000183	1	1	0	1	1	1	1	0
3000186	1	1	1	1	1	1	1	1
3000190	0	0	1	1	0	0	1	1
3000191	1	1	1	1	1	1	1	1
3000192	0	1	1	1	1	1	1	1
3000193	1	1	1	1	1	1	1	1
3000194	1	1	1	1	1	1	1	1
3000195	1	1	1	1	1	1	1	1
3000196	1	1	1	1	1	1	1	1
3000197	1	1	1	1	1	1	1	1
3000198	1	1	1	1	1	1	1	1
3000205	1	1	1	1	1	1	1	1
3000206	1	1	1	1	1	1	1	1
3000215	1	1	1	1	1	1	1	1
3000216	1	1	1	1	1	1	1	1
3000217	1	1	1	1	1	1	1	1
3000237	1	1	0	1	1	0	1	1
3000245	1	1	1	1	1	0	1	1
3000250	1	1	1	1	1	1	1	1
3000251	1	1	1	1	1	1	1	1
3000254	1	1	1	1	1	1	1	1
3000263	1	1	1	1	1	1	1	1
3000300	1	1	1	1	1	0	1	1
3000316	0	0	0	0	0	1	1	0
3000318	1	1	1	1	1	1	1	1
3000319	1	1	1	1	1	1	1	1
3000326	1	1	1	1	1	1	1	1
3000343	1	1	1	1	1	1	0	1
3000361	1	1	1	1	1	1	1	1
3000363	1	1	1	1	1	1	1	1
3000368	0	0	1	0	1	1	1	1
3000375	0	1	0	0	0	0	0	0
3000377	1	1	0	1	1	1	0	1
3000378	1	1	1	1	1	1	1	1
3000391	0	1	1	1	1	1	1	1
3000392	1	1	1	1	1	1	1	1
3000410	1	1	1	1	1	1	1	1
3000412	1	0	1	0	0	1	0	1
3000413	0	1	0	0	0	0	0	0
3000421	1	1	1	1	1	1	1	1
3000423	1	1	1	1	1	1	1	1
3000444	1	1	1	1	1	1	1	1
3000448	1	0	0	0	0	1	0	1
3000449	1	1	1	1	1	1	1	1
3000462	1	1	1	1	1	1	1	1
3000463	1	1	1	0	1	0	0	1
3000476	1	0	0	0	0	0	0	0
3000481	1	1	1	1	1	1	1	1
3000491	1	1	1	1	1	1	1	1
3000495	1	1	1	1	1	1	1	1
3000498	1	1	1	1	1	1	1	1
3000499	1	1	1	1	1	1	1	1
3000501	1	1	1	1	1	1	1	1
3000502	1	1	1	1	1	1	1	1
3000504	1	1	1	1	1	1	1	1
3000508	1	0	0	0	1	0	0	0
3000510	1	1	1	1	1	1	1	1
3000516	1	1	1	1	1	1	1	1
3000518	1	1	1	1	1	1	1	1
3000521	1	1	1	1	1	1	1	1
3000522	1	1	1	1	1	1	1	1
3000526	1	1	1	1	1	1	1	1
3000533	1	1	1	1	0	1	1	1
3000535	1	1	1	1	1	1	1	1
3000549	0	0	0	1	1	0	0	1
3000553	1	1	1	1	1	1	1	1
3000556	1	1	1	1	1	1	1	1
3000559	0	0	0	0	0	0	1	0
3000561	0	0	0	1	0	0	0	0
3000565	0	0	0	0	0	0	0	1
3000566	1	1	1	1	1	1	1	1
3000567	0	0	1	0	0	0	0	0
3000569	1	1	1	1	1	1	1	1
3000572	1	1	1	1	1	1	1	1
3000573	1	1	1	1	1	1	1	1
3000578	1	0	1	0	0	0	0	1
3000592	1	1	1	1	1	1	1	1
3000593	0	0	0	0	0	1	0	1
3000594	1	1	1	1	1	0	1	1
3000595	0	0	0	1	0	0	0	0
3000599	0	1	1	1	0	0	0	0
3000600	1	1	1	1	1	1	1	1
3000601	0	0	0	0	0	1	0	0
3000602	1	1	1	1	1	1	1	1
3000603	1	1	1	1	1	1	1	1
3000604	1	1	1	1	1	1	1	1
3000605	0	0	0	0	0	1	0	0
3000606	0	0	1	1	1	0	1	1
3000614	1	1	1	1	1	1	1	1
3000616	1	1	1	1	1	1	1	1
3000617	1	1	1	1	1	1	1	1
3000620	1	1	1	1	1	1	1	1
3000621	1	1	1	1	1	1	1	1
3000656	1	1	1	1	1	1	1	1
3000746	1	1	1	1	1	1	1	1
3000753	1	1	1	1	1	1	1	1
3000768	0	0	0	0	0	0	1	0
3000774	1	1	1	1	1	1	1	1
3000775	1	1	1	1	1	1	1	1
3000777	1	1	1	0	1	1	0	1
3000778	0	0	0	0	1	0	0	0
3000779	1	1	1	1	1	1	1	1
3000780	1	1	1	1	1	1	1	1
3000781	1	1	1	1	1	1	1	1
3000782	0	1	1	1	1	1	1	1
3000783	1	1	1	1	1	1	1	1
3000784	1	1	1	1	1	1	1	1
3000785	1	1	1	1	1	1	1	1
3000790	1	1	1	1	1	1	1	1
3000791	1	1	1	1	1	1	1	1
3000792	1	1	1	0	1	1	1	1
3000793	1	1	1	1	1	1	1	1
3000794	1	1	1	1	1	1	1	1
3000795	1	1	1	0	1	1	0	1
3000796	1	1	1	1	1	1	1	1
3000800	0	0	0	0	0	0	0	1
3000801	1	1	1	1	1	1	1	1
3000802	1	1	1	1	1	1	1	1
3000804	1	1	1	1	1	1	1	1
3000805	1	1	1	1	1	1	1	1
3000806	1	0	0	1	0	0	0	0
3000808	1	1	1	1	1	1	1	1
3000809	1	0	0	1	0	0	1	0
3000810	1	1	1	1	1	1	1	1
3000811	1	1	1	1	1	1	1	1
3000812	1	1	1	1	1	1	1	1
3000813	1	1	1	1	1	1	1	1
3000814	1	1	0	1	1	1	1	0
3000815	1	1	1	1	1	1	1	1
3000816	1	1	1	1	1	1	1	1
3000818	0	0	0	0	0	1	0	0
3000819	0	1	1	1	1	1	1	1
3000822	1	1	1	1	1	1	1	1
3000823	1	1	1	1	1	1	1	1
3000826	0	0	0	0	0	1	0	0
3000828	1	1	0	1	1	0	1	0
3000829	1	1	1	1	1	1	1	1
3000830	1	1	1	1	1	1	1	1
3000832	1	1	1	1	1	1	1	1
3000833	1	1	1	1	1	1	1	1
3000838	1	1	1	1	1	1	1	1
3000839	1	1	1	1	1	1	1	1
3000840	1	1	1	0	1	0	1	1
3000843	0	0	0	0	0	1	0	0
3000844	1	1	1	1	0	1	1	1
3000846	1	1	1	1	1	1	1	1
3000847	1	1	1	1	1	1	1	1
3000848	1	1	1	1	1	1	1	1
3000849	1	0	0	1	0	0	0	1
3000851	0	0	0	1	0	0	0	0
3000854	0	0	1	0	0	1	0	1
3000855	0	0	0	0	0	0	1	0
3000858	1	1	1	1	1	1	1	1
3000859	1	1	1	1	1	1	1	1
3000860	0	1	1	1	1	1	0	1
3000861	0	1	1	1	1	1	1	1
3000862	1	1	1	1	1	1	1	1
3000865	0	0	1	1	1	1	1	1
3000866	0	1	1	1	1	1	1	1
3000924	0	1	1	1	1	1	1	1
3000987	0	0	0	0	0	0	1	0
3000994	1	1	1	1	1	1	1	1
3001054	1	1	0	0	0	0	0	0
3001075	0	0	0	0	0	0	1	0
3001114	0	0	0	0	0	0	1	0
3001175	0	0	1	0	0	0	0	0
3001209	1	1	1	1	1	1	1	1
3001214	0	1	1	1	1	1	1	1
3001216	1	1	1	1	1	1	1	1
3001265	0	0	0	0	1	0	0	0
3001301	1	1	1	1	1	1	1	1
3001302	1	1	1	1	1	1	1	1
3001303	1	1	1	1	1	1	1	1
3001305	1	1	1	1	1	1	1	1
3001306	1	0	0	0	1	0	0	0
3001307	0	1	1	1	1	1	1	1
3001308	0	0	0	0	1	0	0	0
3001313	1	1	1	1	1	1	1	1
3001327	1	1	1	1	1	1	1	1
3001328	1	1	0	1	1	0	1	0
3001329	0	0	0	0	1	0	1	0
3001350	1	0	0	0	0	0	0	0
3001376	0	0	0	0	0	1	0	0
3001382	1	0	0	0	0	1	0	0
3001398	0	1	1	1	0	1	1	1
3001400	1	1	1	1	1	1	1	1
3001402	0	0	0	0	0	1	0	1
3001407	0	1	1	1	1	1	1	1
3001413	1	0	0	0	0	0	0	0
3001415	0	0	0	0	0	0	0	1
3001416	1	0	0	0	0	0	0	0
3001417	1	0	1	0	1	0	1	0
3001419	0	0	1	0	0	0	0	1
3001420	0	1	0	0	1	1	0	0
3001423	1	1	0	1	1	0	1	0
3001427	1	1	0	0	0	1	0	0
3001451	0	0	1	0	1	1	0	0
3001452	0	1	0	0	0	0	0	0
3001458	0	0	0	0	1	0	0	0
3001459	0	0	0	0	0	1	0	0
3001461	1	1	1	1	1	1	1	1
3001462	0	1	0	1	0	1	0	0
3001503	1	1	0	0	0	0	1	0
3001514	0	0	0	0	0	0	1	0
3001516	1	1	0	0	0	0	0	0
3001535	1	0	0	0	0	0	0	0
3001541	0	0	1	0	0	0	0	0
3001546	0	0	0	0	0	1	0	1
3001548	0	0	0	1	0	0	0	0
3001551	0	1	0	0	0	0	0	0
3001553	0	0	0	0	0	1	0	0
3001555	1	1	0	0	0	0	1	0
3001558	0	0	0	0	1	0	0	0
3001575	0	0	1	0	1	0	0	0
3001583	0	0	0	0	0	0	1	0
3001595	1	0	0	0	0	0	0	0
3001631	1	1	0	0	0	1	0	0
3001648	1	1	0	0	0	1	0	0
3001662	0	0	0	0	0	1	0	0
3001663	1	0	0	0	0	0	0	0
3001670	0	1	1	1	0	1	0	1
3001689	0	0	0	1	0	0	1	1
3001690	1	0	0	1	0	0	0	0
3001694	0	0	0	0	0	0	1	0
3001702	1	1	0	0	0	0	0	0
3001711	1	1	1	1	1	0	1	1
3001713	0	0	0	1	0	0	1	0
3001714	1	1	1	0	1	1	0	1
3001723	1	1	1	1	1	1	1	1
3001725	0	0	0	1	1	0	1	1
3001726	1	0	0	0	0	0	0	0
3001729	1	1	1	1	1	1	1	1
3001730	0	0	1	0	0	0	0	1
3001740	0	0	0	0	1	0	0	0
3001744	0	0	0	0	0	0	1	0
3001745	1	0	0	0	1	0	1	0
3001746	1	1	1	1	1	0	0	1
3001748	1	1	1	1	1	1	1	1
3001750	1	1	1	1	1	1	1	1
3001751	0	1	1	1	0	1	0	1
3001754	1	1	1	1	1	1	1	1
3001757	0	0	0	0	1	0	0	0
3001759	1	1	1	1	1	1	1	1
3001760	0	0	1	1	1	0	1	1
3001763	0	0	0	0	1	0	0	0
3001764	1	1	1	1	1	1	1	1
3001766	0	1	0	0	0	1	1	0
3001770	1	1	1	1	1	1	1	1
3001774	0	0	0	1	0	0	1	0
3001779	1	0	0	0	0	0	0	0
3001780	1	1	0	0	1	0	0	1
3001794	1	1	1	1	1	1	1	1
3001799	0	0	0	0	0	1	0	0
3001800	0	0	1	0	0	1	0	1
3001804	0	0	1	0	0	1	1	1
3001805	1	1	0	1	0	0	0	0
3001808	1	1	1	1	1	1	1	1
3001809	0	1	1	1	1	1	1	1
3001811	1	0	0	0	0	0	1	0
3001813	1	1	1	1	1	0	1	1
3001815	1	0	0	0	1	0	1	0
3001817	1	1	1	1	1	1	1	1
3001818	1	0	0	0	0	0	0	0
3001830	1	1	1	1	1	1	1	1
3001831	1	1	1	1	1	0	1	0
3001834	1	0	0	0	0	0	0	0
3001836	0	1	0	1	1	1	1	0
3001839	1	0	0	0	0	0	0	0
3001840	1	1	1	1	1	1	1	1
3001844	0	0	1	0	0	0	0	1
3001850	0	0	0	0	0	0	0	1
3001862	1	1	1	1	1	1	1	1
3001867	0	0	0	0	0	0	1	0
3001883	0	0	1	0	0	0	1	0
3001903	0	1	1	1	1	1	0	1
3001905	1	1	1	1	1	1	1	1
3001930	1	0	0	0	0	0	0	0
3001932	1	1	1	1	1	1	1	1
3001939	0	1	0	0	0	0	1	0
3001951	0	0	0	0	0	0	1	0
3001954	1	1	1	1	1	0	1	1
3002006	1	0	0	0	0	0	0	0
3002011	1	1	1	1	1	1	1	1
3002016	1	1	0	1	0	0	1	1
3002070	0	1	1	1	1	1	1	1
3002073	0	0	0	0	0	1	0	0
3002118	0	0	0	0	0	0	1	0
3002133	1	0	0	0	0	1	0	0
3002143	1	1	1	1	0	1	1	1
3002147	0	1	1	1	1	1	1	1
3002157	1	1	1	1	1	0	1	1
3002165	1	1	1	1	1	1	1	1
3002168	1	0	0	0	0	0	0	0
3002179	0	0	0	0	0	1	0	0
3002182	1	1	1	1	1	0	1	1
3002191	1	1	1	1	1	1	1	1
3002194	1	0	0	0	0	0	0	0
3002208	0	0	0	0	0	1	0	0
3002219	0	0	0	0	0	0	0	1
3002220	1	1	1	1	1	1	1	1
3002237	1	1	1	1	1	1	1	1
3002242	1	1	0	1	1	1	1	0
3002243	0	1	0	0	0	0	0	0
3002244	0	0	0	0	0	0	1	0
3002245	0	0	0	1	0	0	1	0
3002248	0	0	0	0	0	1	0	0
3002250	1	1	0	1	1	0	1	0
3002252	1	1	1	1	1	0	1	1
3002261	0	0	0	0	1	1	0	0
3002264	1	1	1	0	1	1	1	1
3002265	0	0	0	1	0	1	1	0
3002273	0	0	0	0	0	0	1	0
3002277	1	0	0	0	0	1	0	0
3002278	1	1	1	1	1	1	1	1
3002299	0	0	0	1	0	0	0	0
3002308	0	0	0	0	0	0	0	1
3002311	0	1	0	1	0	0	0	0
3002315	1	1	1	1	1	1	1	1
3002317	1	1	1	1	1	1	0	1
3002324	0	1	1	1	1	1	1	1
3002350	0	0	1	1	0	0	0	0
3002359	1	1	1	1	1	1	1	1
3002364	0	0	0	0	0	0	1	0
3002365	0	0	0	0	0	0	1	0
3002367	1	0	0	1	1	0	0	0
3002368	1	1	1	1	1	1	1	1
3002369	1	1	0	0	1	1	0	0
3002376	0	0	0	0	0	1	0	0
3002379	1	1	0	0	0	0	0	0
3002380	0	0	0	0	0	1	0	0
3002381	1	1	1	0	0	0	1	0
3002382	1	0	0	0	0	0	1	0
3002383	1	1	1	1	1	1	1	1
3002390	0	0	0	0	0	1	0	0
3002410	1	1	1	0	1	0	0	1
3002412	1	1	1	1	1	1	1	1
3002423	0	0	0	0	1	0	0	0
3002427	0	0	0	0	1	0	0	0
3002432	0	1	0	0	0	0	0	0
3002474	0	0	0	0	1	0	0	0
3002477	0	0	0	0	0	1	0	0
3002481	1	1	1	1	1	1	1	1
3002483	1	1	1	1	0	1	1	1
3002484	1	1	1	1	1	1	1	1
3002485	1	1	1	1	1	1	1	1
3002486	1	1	1	1	1	1	1	1
3002488	1	0	0	0	0	0	0	1
3002489	0	0	1	1	1	1	1	1
3002493	0	0	0	0	0	0	1	0
3002510	1	1	1	1	1	1	1	1
3002511	0	1	1	1	1	1	1	1
3002512	1	0	0	1	1	1	1	1
3002513	0	1	0	0	0	0	1	0
3002515	1	1	1	1	1	1	1	1
3002519	1	1	0	1	1	1	1	0
3002520	0	0	1	0	0	0	1	1
3002522	1	1	1	1	1	1	1	1
3002523	0	1	1	1	1	1	1	1
3002526	1	0	0	1	0	0	1	0
3002527	0	0	0	0	0	0	1	0
3002528	1	1	0	1	1	0	1	0
3002529	1	1	1	1	1	1	1	1
3002530	1	0	0	0	0	0	0	0
3002533	1	1	1	1	1	1	1	1
3002535	0	1	1	1	0	1	0	1
3002537	1	1	1	1	1	1	1	1
3002538	0	0	0	1	0	0	1	0
3002540	0	0	0	0	0	0	0	1
3002541	1	0	0	0	0	0	0	0
3002549	1	1	1	1	1	1	1	1
3002553	0	1	1	1	1	1	1	1
3002556	0	0	0	0	0	1	0	0
3002559	1	1	1	1	1	1	1	1
3002560	0	0	0	0	0	1	0	1
3002563	1	1	1	1	1	1	0	1
3002565	1	1	1	1	1	1	1	1
3002567	0	1	0	0	0	0	0	0
3002568	1	1	1	1	1	1	1	1
3002572	1	1	1	1	1	1	1	1
3002573	1	1	1	1	1	0	1	0
3002575	0	0	1	0	0	1	0	0
3002578	1	1	1	0	0	1	0	1
3002582	0	0	0	1	1	0	1	0
3002584	1	1	0	1	1	0	1	0
3002585	1	1	1	1	1	1	1	1
3002586	1	1	1	1	1	1	1	1
3002587	1	1	1	1	1	0	1	1
3002588	1	1	1	1	1	1	1	1
3002589	1	1	1	1	1	1	1	1
3002590	1	0	0	0	1	0	0	0
3002593	1	0	0	0	0	0	0	1
3002595	0	0	1	1	1	1	1	1
3002596	1	1	0	1	1	0	1	0
3002597	1	1	1	1	1	1	1	1
3002598	1	1	1	1	1	1	1	1
3002599	1	1	1	1	1	1	1	1
3002605	0	0	0	0	1	0	0	0
3002607	1	0	0	0	0	0	0	0
3002608	1	0	0	1	1	1	1	0
3002613	0	1	0	1	0	1	0	1
3002614	0	1	0	0	0	0	0	0
3002618	1	0	0	0	0	0	0	0
3002623	1	1	1	1	1	1	1	1
3002624	1	1	1	1	1	1	1	1
3002625	0	0	1	0	0	0	0	1
3002626	1	1	1	1	1	1	1	1
3002627	1	1	1	1	1	1	1	1
3002628	1	0	0	0	0	0	0	0
3002629	0	0	0	0	1	0	0	0
3002630	1	1	1	1	1	0	0	1
3002631	1	1	1	1	1	1	1	1
3002634	1	0	0	1	0	1	0	0
3002635	0	1	1	0	0	1	1	0
3002636	1	1	1	1	1	1	1	1
3002637	1	1	1	1	1	1	1	1
3002640	1	1	1	1	1	0	1	1
3002641	1	0	0	0	0	0	0	0
3002642	0	0	1	0	0	0	1	1
3002644	0	0	1	0	0	0	1	0
3002645	1	1	1	1	1	1	1	1
3002646	0	0	0	0	0	1	0	1
3002647	1	1	1	1	1	1	1	1
3002648	0	0	0	0	0	0	1	0
3002650	1	1	1	1	1	1	1	1
3002651	1	1	1	1	1	1	1	1
3002653	1	1	1	1	1	1	1	1
3002654	1	1	0	1	1	1	1	1
3002655	0	0	1	0	0	0	1	0
3002656	1	1	0	1	1	1	1	0
3002657	1	1	1	1	1	1	0	1
3002658	1	1	1	1	1	1	1	1
3002660	1	0	0	1	1	0	0	0
3002661	1	1	1	1	1	1	1	1
3002662	0	1	0	0	1	0	0	1
3002663	1	1	0	0	1	0	0	0
3002665	1	1	1	1	1	1	1	1
3002668	0	0	0	0	1	0	0	0
3002669	0	0	0	0	0	0	1	0
3002672	0	1	1	1	1	0	1	0
3002675	0	0	1	0	0	0	0	0
3002676	1	1	1	0	1	0	1	1
3002678	0	0	0	1	0	0	1	0
3002679	1	1	1	1	1	1	1	1
3002680	1	0	0	1	1	0	1	0
3002681	0	0	0	0	0	1	0	0
3002683	0	0	0	0	1	0	0	0
3002684	1	0	0	1	0	0	1	1
3002687	0	0	0	0	0	0	1	0
3002690	1	0	0	0	0	0	0	0
3002691	1	1	1	1	1	1	1	1
3002694	1	1	1	1	1	1	1	1
3002696	0	0	1	0	0	1	0	0
3002701	1	1	0	0	1	1	0	0
3002702	0	0	0	0	0	0	1	0
3002703	1	1	1	0	0	0	0	1
3002704	1	1	1	1	1	1	1	1
3002708	1	1	1	1	1	1	1	1
3002735	0	0	0	1	0	0	0	0
3002741	1	1	0	0	0	0	0	0
3002746	0	1	1	0	1	1	0	0
3002787	0	1	1	1	1	1	1	1
3002788	0	1	1	1	1	1	1	1
3002794	1	0	0	0	0	0	0	0
3002803	0	1	0	0	0	0	0	0
3002804	1	0	1	0	1	0	0	1
3002813	1	1	1	1	1	1	1	1
3002814	1	1	1	1	1	1	1	1
3002815	1	1	1	1	1	0	1	1
3002816	1	1	1	1	1	1	1	1
3002817	1	1	1	1	1	0	1	1
3002819	1	1	1	1	1	1	1	1
3002823	1	1	1	1	1	1	1	1
3002824	0	1	1	1	1	1	1	1
3002826	1	1	1	1	1	1	1	1
3002827	1	1	1	1	1	1	1	1
3002828	1	1	1	1	1	1	1	1
3002829	1	1	1	0	1	1	0	1
3002830	1	1	1	1	1	1	1	1
3002831	1	1	1	1	1	1	1	1
3002832	1	1	1	1	1	1	1	1
3002833	1	1	1	1	1	1	1	1
3002836	1	1	1	0	1	1	0	0
3002837	1	0	0	0	0	0	0	0
3002838	1	1	0	0	0	0	1	0
3002839	1	1	1	1	0	0	0	0
3002841	1	1	1	1	1	1	1	1
3002843	1	1	1	1	1	1	1	1
3002844	0	0	1	1	0	0	0	1
3002845	1	1	1	1	1	1	1	1
3002846	1	1	1	1	1	1	1	1
3002852	1	1	1	1	1	1	1	1
3002854	1	1	1	1	1	1	1	1
3002856	0	0	0	0	1	0	0	0
3002857	0	0	0	1	0	0	1	1
3002860	0	1	1	1	0	1	1	1
3002862	1	1	1	1	1	1	1	1
3002863	1	0	0	0	0	0	0	0
3002864	1	1	1	1	0	1	1	1
3002865	1	1	0	0	0	0	1	0
3002866	0	0	0	0	1	0	0	0
3002867	1	1	1	1	1	1	1	1
3002868	1	1	1	0	0	1	0	0
3002872	1	1	1	1	1	0	1	1
3002874	1	1	1	1	1	1	1	1
3002875	1	1	1	1	1	1	1	1
3002877	1	1	1	1	1	1	1	1
3002878	1	1	1	1	1	1	1	1
3002879	0	1	1	1	1	1	1	1
3002881	1	1	1	1	1	1	1	1
3002882	1	1	1	1	1	1	1	1
3002883	1	1	1	0	1	1	0	1
3002884	1	1	0	1	0	0	1	1
3002891	1	1	1	1	1	1	1	1
3002892	1	1	1	1	1	1	1	1
3002893	1	1	1	1	1	1	1	1
3002894	1	0	0	0	0	0	0	0
3002897	1	1	1	1	1	1	1	1
3002898	1	1	1	1	1	1	1	1
3002907	1	1	1	1	1	1	1	1
3002908	0	0	1	0	0	1	1	1
3002909	1	1	1	1	1	1	1	1
3002910	0	0	0	0	1	0	1	1
3002911	1	1	1	1	1	1	1	1
3002912	1	0	0	0	1	0	1	0
3002913	1	1	1	1	1	1	1	1
3002914	1	0	1	0	0	0	0	1
3002919	0	0	0	0	0	1	0	0
3002921	1	1	1	1	1	1	1	1
3002922	1	1	1	1	1	1	1	1
3002925	1	1	1	1	1	1	1	1
3002926	1	1	1	1	1	1	1	1
3002927	1	1	1	1	1	0	1	1
3002928	1	1	1	1	1	1	1	1
3002930	1	0	0	1	0	0	0	0
3002931	1	1	1	1	1	1	1	1
3002932	1	1	1	1	1	1	1	1
3002933	1	1	1	1	1	1	1	1
3002934	0	1	0	0	0	0	0	0
3002935	1	1	1	1	1	1	1	1
3002936	1	1	1	1	1	1	1	1
3002937	1	1	1	1	1	1	1	1
3002938	1	1	1	1	1	1	1	1
3002939	1	1	1	1	1	1	1	1
3002940	1	1	0	1	1	1	1	1
3002941	1	1	1	1	1	1	1	1
3002942	1	1	1	1	1	1	1	1
3002943	1	1	1	1	1	1	1	1
3002944	1	0	0	0	1	0	1	0
3002945	1	1	1	1	1	1	1	1
3002948	1	1	1	1	1	1	1	1
3002949	1	1	0	0	1	0	0	0
3002952	0	0	0	0	0	0	1	1
3002953	1	1	1	1	1	1	1	1
3002955	1	1	1	1	1	1	1	1
3002956	0	0	0	1	0	0	1	0
3002957	1	0	0	0	0	0	1	0
3002958	0	0	1	1	1	0	1	0
3002959	1	1	1	0	1	1	0	1
3002961	1	0	0	0	0	0	0	0
3002962	0	0	0	0	1	0	0	0
3002963	1	1	1	1	1	1	1	1
3002964	0	0	1	0	0	0	0	1
3002965	1	1	1	1	1	1	1	1
3002966	1	1	1	1	1	1	1	1
3002968	0	0	0	0	0	0	1	0
3002969	1	1	1	1	1	1	1	1
3002970	1	1	1	1	1	1	1	1
3002971	1	1	1	1	1	1	1	1
3002972	1	1	1	1	1	1	1	1
3002973	0	0	1	0	0	0	0	1
3002974	1	1	1	1	1	1	1	1
3002975	1	1	0	1	0	0	0	1
3002982	1	0	0	0	0	0	0	0
3002983	1	1	1	1	1	1	1	1
3002985	1	1	1	1	1	1	1	1
3002986	1	1	1	1	1	1	1	1
3002987	1	1	1	1	1	1	1	1
3002993	1	0	0	0	1	0	0	1
3002995	1	0	0	0	0	1	0	0
3002997	0	0	0	1	1	0	1	0
3002999	1	1	1	1	1	1	1	1
3003002	0	0	1	0	0	0	0	0
3003006	0	0	0	0	1	0	1	0
3003007	1	1	0	1	1	0	1	0
3003009	0	1	0	1	0	0	0	0
3003010	1	1	1	1	1	1	1	1
3003011	0	0	1	0	0	1	0	0
3003012	1	1	1	1	1	1	1	1
3003013	0	0	0	0	0	0	1	0
3003015	0	0	0	0	1	0	1	0
3003017	1	1	1	1	1	1	1	1
3003019	0	1	1	0	0	1	0	1
3003020	1	0	0	0	0	0	0	1
3003023	1	1	0	1	0	0	0	0
3003026	1	1	0	0	0	0	1	0
3003030	0	0	0	0	0	1	0	0
3003031	1	1	1	1	1	1	1	1
3003033	1	1	1	1	1	1	1	1
3003034	1	1	1	1	1	1	1	1
3003036	1	1	1	1	1	1	1	1
3003037	1	1	1	1	1	1	1	1
3003039	1	1	1	1	1	1	1	1
3003041	1	1	1	1	1	1	1	1
3003042	1	1	1	1	1	1	1	1
3003043	1	1	1	1	1	1	1	1
3003046	1	1	1	1	1	1	1	1
3003047	1	0	0	1	1	0	1	1
3003048	1	1	1	0	0	1	1	1
3003049	1	1	1	1	1	1	1	1
3003051	1	1	0	1	1	1	0	1
3003052	1	1	1	1	1	1	1	1
3003053	1	1	1	0	1	1	1	1
3003055	0	0	0	1	1	0	0	0
3003056	1	1	1	1	1	1	1	1
3003057	1	1	1	1	1	1	1	1
3003059	1	1	1	1	1	1	1	1
3003060	1	1	1	1	1	1	1	1
3003061	1	1	1	1	1	1	1	1
3003064	0	0	1	1	0	0	0	0
3003066	1	1	1	1	1	1	1	1
3003067	1	1	1	1	1	1	1	1
3003069	1	1	0	1	0	1	1	1
3003070	0	1	0	1	1	0	1	0
3003071	1	1	0	0	0	0	1	0
3003072	0	0	1	0	0	0	0	1
3003079	0	0	0	0	0	1	0	0
3003092	1	1	1	1	1	1	1	1
3003094	1	1	1	0	0	1	1	1
3003095	1	1	0	1	1	0	1	0
3003096	1	1	1	1	1	1	1	1
3003097	1	1	1	1	1	1	1	1
3003100	0	0	0	1	0	0	0	0
3003101	0	0	0	1	1	1	1	0
3003102	1	1	1	1	1	1	1	1
3003103	1	1	0	1	1	0	1	1
3003107	1	1	1	1	1	1	1	1
3003109	1	1	1	1	1	1	1	1
3003110	1	1	1	1	1	1	1	1
3003111	0	1	1	1	0	1	0	1
3003112	1	1	1	1	1	1	0	1
3003130	0	0	0	0	0	0	1	0
3003135	1	1	0	0	0	0	1	0
3003172	0	0	0	0	1	0	1	1
3003177	0	1	0	1	0	1	0	1
3003184	0	0	0	1	0	0	1	0
3003187	1	1	1	1	1	0	1	0
3003194	1	1	1	1	1	1	1	1
3003196	0	0	0	0	0	1	1	0
3003200	1	1	1	1	1	0	1	1
3003202	1	1	1	1	1	1	1	1
3003203	1	1	1	1	1	1	1	1
3003204	1	1	1	1	1	1	1	1
3003205	1	1	1	1	1	1	1	1
3003206	1	1	1	1	1	1	1	1
3003207	0	0	0	0	0	0	1	1
3003208	0	0	0	0	0	1	0	0
3003250	1	1	1	1	1	1	1	1
3003283	1	1	1	1	1	1	1	1
3003324	1	1	1	1	1	1	1	1
3003326	0	0	0	0	1	0	1	0
3003368	1	1	1	1	0	1	1	1
3003369	0	0	0	0	1	0	0	0
3003378	1	1	1	1	1	1	1	1
3003381	0	1	0	0	0	1	0	0
3003394	0	1	1	1	1	1	1	1
3003440	1	0	0	0	1	1	0	0
3003441	1	1	1	1	1	1	1	1
3003458	1	1	1	1	1	1	1	1
3003470	1	1	1	1	1	1	1	1
3003479	1	1	1	1	1	1	1	1
3003511	1	1	1	1	1	1	1	1
3003548	1	1	0	0	1	0	0	0
3003549	1	1	1	1	1	1	1	1
3003550	1	1	1	0	0	1	1	1
3003551	1	1	0	0	0	1	0	0
3003552	1	1	1	1	1	1	1	1
3003553	0	1	1	1	1	1	1	1
3003557	1	1	1	1	1	1	1	1
3003561	1	0	1	1	1	1	1	1
3003562	0	0	1	0	0	0	0	0
3003563	0	0	1	0	0	1	0	1
3003564	1	1	1	1	1	1	1	1
3003565	0	0	0	1	0	0	1	0
3003576	1	1	1	1	1	1	1	1
3003577	1	1	1	1	1	1	1	1
3003578	1	1	1	1	1	1	1	1
3003583	1	0	1	0	1	1	0	1
3003593	0	0	0	1	0	1	1	0
3003596	1	1	0	0	1	1	1	0
3003615	1	0	0	0	0	0	0	0
3003620	0	1	0	1	1	1	1	0
3003628	1	1	1	0	1	0	1	1
3003629	0	0	0	0	1	1	0	0
3003631	0	0	1	0	0	0	0	1
3003635	1	1	1	1	1	1	1	1
3003654	1	0	0	0	0	1	0	1
3003662	0	1	1	1	1	0	1	1
3003665	1	1	1	1	1	1	1	1
3003670	1	1	1	1	1	0	1	1
3003677	1	0	0	0	0	0	0	0
3003679	1	1	1	1	1	1	1	1
3003680	1	1	1	1	1	1	1	1
3003681	1	1	1	1	1	1	1	1
3003682	1	1	0	0	0	0	1	0
3003692	1	1	1	1	1	1	1	1
3003693	1	1	1	1	1	1	1	1
3003698	1	1	1	1	1	0	1	1
3003699	1	1	1	1	1	1	1	1
3003704	1	1	1	1	0	1	1	0
3003705	1	1	1	1	1	1	1	1
3003709	1	1	1	1	1	1	1	1
3003710	1	1	1	1	1	1	1	1
3003713	0	0	1	1	0	0	0	0
3003714	0	0	0	0	0	1	0	0
3003715	1	1	1	1	1	1	1	1
3003716	1	1	1	1	1	1	1	1
3003717	1	1	1	0	1	0	1	1
3003718	1	1	1	1	1	1	1	1
3003720	0	1	1	0	1	0	0	0
3003723	1	1	1	1	1	1	1	1
3003724	0	0	0	1	0	1	1	0
3003725	0	0	1	0	1	1	1	1
3003727	1	1	1	1	1	1	1	1
3003728	0	0	1	0	0	1	0	1
3003730	1	1	1	1	1	1	1	1
3003731	1	1	1	1	1	1	1	1
3003735	1	1	1	1	1	1	1	1
3003741	0	1	1	1	1	1	1	1
3003742	1	0	0	1	0	0	1	1
3003745	1	1	1	0	1	1	0	1
3003746	1	1	1	1	1	1	1	1
3003748	1	1	1	1	1	1	1	1
3003749	1	1	1	1	1	1	1	1
3003762	1	1	1	1	1	1	1	1
3003767	1	1	1	1	1	1	1	1
3003770	1	1	1	1	1	1	1	1
3003772	1	1	1	1	1	1	1	1
3003773	0	0	0	0	1	0	1	0
3003774	1	1	1	1	1	1	1	1
3003776	1	1	1	1	1	1	1	1
3003777	1	1	1	1	1	1	1	1
3003778	1	1	1	1	1	1	1	1
3003785	1	1	1	1	1	1	1	1
3003790	0	0	0	1	1	1	1	0
3003793	1	1	1	1	0	1	1	1
3003801	0	0	0	0	1	0	1	0
3003805	1	1	1	1	1	1	1	1
3003807	1	1	1	1	1	1	1	1
3003811	1	1	1	1	1	1	1	1
3003835	0	0	0	0	1	0	1	0
3003836	1	0	0	0	0	0	1	0
3003838	1	1	1	1	1	1	1	1
3003839	1	0	0	0	0	0	0	0
3003841	1	1	1	1	1	1	1	1
3003843	1	1	1	1	1	1	1	1
3003854	1	1	1	1	1	1	1	1
3003858	0	0	0	0	0	1	0	1
3003860	1	1	1	1	1	1	1	1
3003876	1	1	0	0	1	0	0	0
3003890	1	1	1	1	1	1	1	1
3003893	1	1	1	1	1	1	1	1
3003894	0	0	0	1	1	1	1	0
3003907	1	1	1	1	1	1	1	1
3003908	1	0	1	1	1	1	1	1
3003918	1	1	1	1	1	1	1	1
3003920	1	1	1	1	1	1	1	1
3003922	1	1	1	1	1	1	1	1
3003923	1	1	1	1	1	1	1	1
3003942	1	1	1	1	1	1	1	1
3003948	1	1	1	1	1	1	1	1
3003949	1	1	1	1	1	1	1	1
3003950	1	1	1	1	1	1	1	1
3003952	0	1	1	1	1	1	1	1
3003953	0	0	0	0	0	0	1	0
3003954	1	1	1	1	1	1	1	1
3003955	1	1	1	1	1	1	1	1
3003961	0	0	0	0	1	0	0	0
3003962	1	0	0	0	0	0	0	0
3003964	1	1	1	1	1	1	1	1
3003967	0	0	0	0	0	0	1	0
3003969	1	1	1	1	1	1	1	1
3003970	1	1	1	1	1	1	1	1
3003971	1	1	1	1	1	1	1	1
3003980	1	1	1	1	1	1	1	1
3003981	1	1	1	1	1	1	1	1
3003982	1	1	1	1	1	1	1	1
3003984	1	1	1	1	1	1	1	1
3003986	1	1	1	1	1	1	1	1
3003987	1	1	1	1	1	1	0	1
3003988	1	1	1	1	1	1	1	1
3003990	0	1	0	0	0	0	1	0
3003991	1	1	1	1	1	1	1	1
3003992	1	1	1	1	1	1	1	1
3003994	1	1	1	1	1	1	1	1
3003995	1	1	1	1	1	1	1	1
3004032	1	1	1	1	1	1	1	1
3004033	1	1	1	1	1	1	1	1
3004035	1	1	1	1	1	1	1	1
3004036	1	1	1	1	1	1	1	1
3004039	1	1	1	1	1	1	1	1
3004041	0	1	0	0	0	1	0	0
3004042	1	1	0	0	1	0	0	0
3004043	0	1	0	0	0	0	0	0
3004047	1	1	1	1	1	1	1	1
3004054	1	1	1	1	1	1	1	1
3004060	1	1	1	1	1	1	1	1
3004063	1	1	1	1	1	1	1	1
3004072	1	1	1	1	1	1	1	1
3004073	1	1	1	1	1	1	0	1
3004074	1	1	1	1	1	1	1	1
3004075	1	1	1	1	1	1	1	1
3004077	1	1	1	1	1	1	1	1
3004085	0	0	1	0	0	1	1	1
3004086	1	1	1	1	0	1	1	0
3004087	0	0	0	0	0	0	0	1
3004089	0	1	1	0	0	0	0	1
3004090	1	1	1	1	0	1	0	1
3004091	1	1	1	0	0	0	0	1
3004092	1	1	1	1	1	1	1	1
3004094	0	0	0	0	1	0	0	0
3004099	1	0	1	0	0	1	1	1
3004100	1	1	1	1	1	1	1	1
3004102	1	1	1	1	1	1	1	1
3004103	1	1	1	1	1	1	1	1
3004107	1	1	0	1	1	1	1	0
3004111	0	0	0	0	1	0	1	0
3004113	1	1	0	1	1	1	1	0
3004122	1	1	1	1	1	1	1	1
3004123	1	1	1	1	1	1	1	1
3004142	1	1	1	1	1	1	1	1
3004143	1	1	1	1	1	1	1	1
3004144	1	1	1	1	1	1	1	1
3004146	1	1	0	1	0	1	1	0
3004153	1	1	1	1	1	1	0	1
3004157	1	1	0	0	0	1	0	0
3004185	1	1	1	1	1	1	0	1
3004189	0	0	0	0	0	0	1	0
3004191	1	1	0	1	1	0	1	0
3004213	0	0	1	1	1	0	1	1
3004239	1	1	1	1	1	1	1	1
3004253	0	1	1	1	1	1	1	1
3004289	1	1	1	1	1	1	1	1
3004291	1	0	1	1	1	1	1	1
3004292	1	1	0	0	0	0	1	0
3004294	0	1	1	1	1	0	1	1
3004357	0	0	0	0	0	0	1	0
3004359	0	0	0	1	1	0	1	0
3004361	1	1	1	1	1	1	1	1
3004362	0	1	0	0	0	0	0	0
3004379	1	1	0	0	1	1	1	0
3004442	0	0	0	1	1	0	1	0
3004444	0	1	1	1	1	1	1	1
3004448	0	0	0	0	0	0	0	1
3004450	1	1	1	1	1	1	1	1
3004451	1	1	0	0	0	1	0	0
3004452	0	0	0	0	0	0	1	0
3004454	1	1	1	1	1	1	1	1
3004455	1	1	1	0	1	1	0	1
3004456	1	0	0	0	0	0	0	0
3004457	1	1	0	1	1	1	1	1
3004458	1	1	1	1	1	1	1	1
3004460	1	1	0	0	0	0	1	0
3004463	0	0	0	0	0	0	1	0
3004464	0	0	1	0	0	1	0	0
3004466	1	1	1	1	1	1	1	1
3004470	1	1	1	1	1	1	1	1
3004476	1	1	1	1	1	1	1	1
3004478	1	1	1	1	1	1	1	1
3004479	1	1	1	1	1	1	0	1
3004480	1	1	1	1	1	1	1	1
3004495	1	1	1	1	1	1	1	1
3004498	0	0	0	0	0	0	1	0
3004502	1	1	1	1	0	0	0	0
3004504	0	0	0	0	0	1	0	0
3004505	1	0	0	0	0	1	0	0
3004506	0	0	0	0	0	0	0	1
3004508	1	1	1	0	0	1	0	0
3004510	1	0	0	1	0	0	0	0
3004516	0	1	1	1	1	1	1	1
3004541	1	0	0	0	0	0	0	1
3004542	0	0	0	0	1	0	0	0
3004543	1	0	0	0	0	0	0	0
3004544	1	1	1	1	1	1	1	1
3004547	1	1	1	0	0	0	0	1
3004548	1	1	1	1	1	1	1	1
3004552	0	0	0	0	0	0	0	1
3004559	1	1	1	1	1	1	1	1
3004562	1	1	1	1	1	1	1	1
3004568	0	0	0	1	0	0	0	0
3004569	1	1	1	1	1	1	1	1
3004571	1	1	1	1	1	1	1	1
3004572	1	1	1	1	1	1	1	1
3004573	1	1	1	1	1	1	1	1
3004574	1	1	1	1	1	1	1	1
3004577	0	0	0	0	1	0	0	1
3004581	1	1	1	1	1	1	1	1
3004582	1	0	0	0	0	0	0	0
3004586	0	0	0	0	1	0	0	0
3004587	1	1	1	1	1	1	1	1
3004588	0	0	0	0	0	0	1	0
3004589	1	1	1	1	1	1	1	1
3004590	1	1	1	0	1	0	1	1
3004591	1	1	1	1	1	0	1	1
3004592	1	1	1	0	1	1	1	0
3004595	1	1	1	1	1	1	1	1
3004596	1	1	1	1	1	1	1	1
3004599	0	0	0	0	0	0	1	0
3004600	1	0	0	0	1	0	1	0
3004601	0	0	1	1	0	0	1	1
3004603	1	1	1	1	1	1	1	1
3004605	1	1	1	1	1	1	1	1
3004613	1	1	1	1	1	1	1	1
3004622	0	1	1	0	1	0	0	0
3004623	1	1	1	1	1	1	1	1
3004628	1	1	1	1	1	1	1	1
3004629	1	1	0	1	1	1	1	1
3004637	0	1	0	0	0	0	0	0
3004639	1	1	1	1	1	1	1	1
3004643	1	1	1	1	1	1	1	1
3004645	1	0	0	0	0	0	0	0
3004647	0	0	0	0	0	0	1	0
3004648	0	0	0	0	1	0	1	0
3004649	1	1	1	1	1	1	0	1
3004651	1	1	0	0	1	0	1	0
3004652	0	1	0	0	0	0	0	0
3004656	1	1	1	1	1	1	1	1
3004657	0	0	0	0	0	0	1	0
3004659	0	1	1	1	1	1	1	1
3004660	1	1	1	1	1	1	1	1
3004661	0	0	0	0	0	0	1	0
3004663	0	0	1	0	0	1	1	1
3004665	1	1	1	1	1	1	1	1
3004666	1	1	1	1	1	1	1	1
3004667	0	1	1	1	1	1	1	1
3004669	1	1	1	1	1	1	1	1
3004673	0	0	0	1	0	0	0	0
3004675	1	0	0	0	0	0	0	0
3004677	0	1	0	1	1	0	1	0
3004678	1	1	1	1	0	0	0	0
3004679	1	1	1	1	1	1	1	1
3004682	1	0	1	1	1	1	1	1
3004683	1	1	1	1	1	1	1	1
3004684	0	1	0	0	0	0	0	0
3004685	1	1	0	1	1	1	0	0
3004692	1	1	1	1	1	1	1	1
3004694	0	0	0	0	0	0	1	0
3004695	1	0	0	0	0	0	0	1
3004698	1	1	0	1	1	1	1	1
3004699	1	1	1	1	1	1	1	1
3004715	1	1	1	1	1	1	1	1
3004719	1	1	1	1	1	1	1	1
3004730	1	1	1	1	1	1	1	1
3004736	1	1	1	1	1	1	1	1
3004738	0	1	1	1	1	1	1	1
3004747	0	1	1	1	1	1	1	1
3004749	1	1	1	1	1	1	1	1
3004751	1	1	1	1	1	1	1	1
3004759	1	1	1	1	0	1	1	1
3004761	0	0	1	0	0	0	0	0
3004762	1	0	1	1	1	0	1	1
3004766	0	0	0	0	1	1	1	1
3004768	0	0	0	0	0	1	0	0
3004769	0	1	0	0	0	0	0	0
3004775	1	1	0	0	1	0	1	0
3004780	0	1	0	0	0	1	0	0
3004786	1	1	1	1	1	1	1	1
3004797	0	0	0	0	0	0	1	0
3004798	1	1	1	1	1	1	1	1
3004801	1	1	1	1	1	0	1	1
3004803	1	1	0	1	1	1	1	0
3004804	0	1	0	0	0	0	1	0
3004807	0	0	1	0	0	1	0	0
3004808	0	0	1	0	0	0	0	0
3004817	0	0	0	0	1	0	0	0
3004820	1	0	0	1	1	1	1	0
3004821	0	1	1	0	0	0	0	1
3004822	1	1	1	1	0	1	1	1
3004823	1	1	1	1	1	1	1	1
3004825	0	1	1	0	0	1	0	0
3004826	0	1	0	0	1	0	0	0
3004837	1	1	1	1	1	0	1	1
3004849	0	0	0	0	0	0	1	0
3004856	0	0	0	0	0	0	1	0
3004866	0	0	0	1	1	0	1	1
3004870	1	1	1	1	1	1	1	1
3005006	1	1	1	1	1	1	1	1
3005008	1	1	1	1	1	1	1	1
3005010	1	1	1	1	1	1	1	1
3005012	1	1	1	1	1	1	1	1
3005013	1	1	1	1	1	1	1	1
3005015	1	1	1	1	1	1	1	1
3005018	1	1	1	1	0	0	1	0
3005021	1	0	1	1	0	0	1	1
3005023	1	1	1	1	1	1	1	1
3005024	1	0	0	0	0	0	0	0
3005028	1	1	1	1	1	1	1	1
3005031	0	0	1	0	0	0	0	0
3005033	0	0	1	1	1	0	1	1
3005035	1	1	1	1	1	1	1	1
3005040	0	1	1	1	1	1	1	1
3005045	1	1	1	1	1	1	1	1
3005046	0	1	0	0	0	0	1	0
3005047	1	1	1	1	1	0	1	0
3005049	1	1	1	1	1	1	1	1
3005051	1	1	1	1	1	1	1	1
3005052	1	1	1	1	1	1	1	1
3005053	1	1	1	1	1	1	1	1
3005056	1	1	1	1	1	1	1	1
3005057	1	1	0	0	0	0	0	1
3005059	1	1	1	1	1	1	1	1
3005060	1	1	1	0	1	0	1	1
3005064	1	1	1	1	1	1	1	1
3005067	1	0	1	0	1	1	1	1
3005068	1	1	1	1	1	1	1	1
3005072	1	1	0	1	1	0	1	1
3005075	0	0	0	0	1	0	0	0
3005076	0	0	1	0	0	0	0	0
3005077	0	0	0	0	0	0	0	1
3005078	0	1	1	0	0	0	0	1
3005084	0	0	0	0	0	1	0	0
3005085	1	1	0	1	1	1	1	1
3005087	1	1	1	1	1	1	1	1
3005088	0	0	0	1	0	0	1	0
3005089	1	1	0	0	0	0	0	0
3005090	0	0	0	0	0	1	0	0
3005091	1	1	1	1	1	1	1	1
3005096	0	0	0	0	1	0	0	0
3005097	1	1	1	1	1	1	1	1
3005099	1	1	1	1	1	1	1	1
3005100	1	0	0	0	0	0	0	0
3005121	1	1	1	1	1	1	1	1
3005150	1	1	1	1	1	1	1	1
3005158	0	1	0	0	0	0	0	0
3005162	1	1	1	1	1	1	1	1
3005164	1	1	1	1	1	1	1	1
3005198	1	1	1	1	1	1	1	1
3005221	1	1	1	1	1	0	1	1
3005239	1	0	0	0	0	0	0	0
3005260	1	0	0	0	1	0	0	0
3005265	0	0	0	0	1	1	0	0
3005304	0	1	0	1	0	1	1	0
3005315	1	0	0	0	0	0	0	0
3005317	0	0	0	1	0	0	0	0
3005318	0	1	0	0	0	0	0	0
3005320	0	1	0	1	1	0	1	0
3005321	1	1	1	1	1	1	1	1
3005323	1	1	1	1	1	1	1	1
3005324	1	1	0	0	0	0	0	0
3005325	0	0	0	0	0	0	1	1
3005335	1	1	1	1	1	1	0	1
3005339	0	0	0	1	0	0	0	0
3005341	1	1	0	1	0	0	0	1
3005342	1	0	1	1	0	0	0	0
3005345	1	1	1	1	1	1	1	1
3005346	1	0	0	0	0	0	0	0
3005348	1	1	1	1	1	1	1	1
3005349	1	0	0	0	0	0	0	0
3005351	0	0	1	0	0	0	0	0
3005354	1	1	0	1	1	0	1	0
3005361	1	0	0	0	0	0	0	0
3005369	0	0	0	1	1	0	1	0
3005381	0	0	0	0	1	0	0	0
3005467	1	1	1	1	1	1	1	1
3005470	0	1	1	1	1	1	1	1
3005473	1	1	1	1	1	1	1	1
3005480	1	1	1	1	1	1	1	1
3005482	1	1	1	1	1	1	1	1
3005487	0	0	0	0	1	0	0	0
3005488	0	0	0	0	1	0	1	0
3005490	1	1	1	1	1	1	1	1
3005493	1	1	1	1	1	1	1	1
3005497	1	0	0	0	0	0	0	0
3005503	0	0	0	0	0	1	1	0
3005506	1	0	0	0	0	0	0	0
3005509	1	1	1	1	1	1	1	1
3005519	1	1	1	1	1	1	1	1
3005520	0	1	1	1	1	1	1	1
3005521	0	1	0	0	0	0	0	0
3005523	0	0	0	1	0	1	0	0
3005526	0	0	0	0	0	0	0	1
3005534	0	1	1	1	1	1	1	1
3005539	1	1	1	1	1	1	1	1
3005541	1	1	0	0	0	0	1	0
3005543	1	1	0	0	0	1	0	0
3005549	0	0	1	0	0	0	0	0
3005554	0	0	0	0	1	0	0	0
3005558	1	1	1	1	1	1	1	1
3005560	1	0	0	0	0	0	1	0
3005564	1	0	0	0	1	1	0	0
3005576	1	1	1	1	1	1	1	1
3005583	1	1	1	1	1	1	1	1
3005586	0	0	0	0	0	1	0	1
3005588	1	1	1	1	1	1	1	1
3005589	0	1	0	0	1	0	0	0
3005608	0	0	0	0	0	0	1	0
3005609	0	0	0	0	0	0	1	0
3005610	1	1	1	1	1	1	1	1
3005611	1	1	1	1	1	1	1	1
3005628	1	1	1	1	1	1	1	1
3005636	0	0	0	0	1	0	0	0
3005647	1	1	1	1	1	0	1	1
3005674	1	1	1	1	1	1	1	1
3005681	1	1	0	1	1	1	0	0
3005684	1	1	1	1	1	1	1	1
3005685	1	0	0	0	0	0	0	0
3005686	1	1	1	1	1	1	1	1
3005693	0	1	0	1	1	1	1	1
3005707	0	1	1	1	0	1	0	1
3005718	1	0	0	0	0	0	1	0
3005724	0	0	0	0	0	0	1	0
3005725	1	1	1	0	0	0	0	1
3005726	1	1	1	1	1	1	1	1
3005742	1	1	0	1	1	1	1	0
3005747	0	0	0	0	0	0	1	0
3005748	0	1	0	0	0	0	0	0
3005764	0	0	0	0	1	0	0	0
3005768	1	0	0	0	0	0	0	0
3005775	0	0	0	0	0	0	0	1
3005791	0	0	0	0	0	1	0	0
3005792	1	1	1	1	1	1	1	1
3005793	0	0	1	1	0	0	1	0
3005796	1	0	0	0	0	0	0	0
3005797	1	0	1	0	0	0	0	0
3005799	1	0	0	0	0	0	0	0
3005805	1	1	1	1	1	1	1	1
3005810	1	1	1	0	1	0	0	0
3005819	1	1	0	1	1	0	1	1
3005821	0	0	0	0	0	0	1	0
3005826	0	0	0	0	0	0	0	1
3005828	0	0	0	0	0	1	0	0
3005835	0	0	1	0	0	0	0	1
3005836	1	1	0	1	1	1	1	0
3005837	0	0	0	0	0	1	0	0
3005842	1	1	1	1	1	1	1	1
3005843	0	0	0	0	0	0	1	0
3005856	0	0	0	0	1	0	0	0
3005857	0	0	1	1	1	0	0	1
3005861	1	1	1	1	1	1	1	1
3005866	0	0	0	0	1	0	0	0
3005873	1	1	0	0	1	0	1	1
3005874	1	0	0	0	0	0	0	0
3005876	1	1	1	1	0	0	1	0
3005878	1	1	1	1	1	1	1	1
3005880	0	0	0	0	0	1	0	0
3005907	0	1	1	1	1	1	1	1
3005911	0	0	0	0	0	0	1	0
3005932	1	1	1	1	1	1	1	1
3005933	1	0	0	1	1	0	0	1
3005934	0	0	0	1	0	1	0	0
3005935	1	1	1	1	1	1	1	1
3005983	0	1	0	0	0	0	0	0
3006002	1	0	0	0	0	0	0	0
3006024	0	0	0	0	0	0	0	1
3006027	1	1	1	1	1	1	1	1
3006029	0	0	0	1	0	0	0	0
3006053	1	0	0	0	0	0	0	1
3006063	0	0	0	0	0	0	1	0
3006064	0	0	0	0	0	1	0	0
3006066	1	1	1	1	1	1	1	1
3006069	1	0	0	0	0	0	0	0
3006074	1	0	0	0	0	0	0	0
3006087	1	1	1	1	1	1	1	1
3006088	1	1	0	0	0	0	0	0
3006091	0	0	0	1	0	0	0	0
3006096	0	0	0	1	0	0	1	0
3006105	1	1	1	1	0	1	1	1
3006107	1	0	1	1	1	1	1	1
3006108	0	0	0	1	1	0	1	0
3006118	0	0	0	1	1	0	0	0
3006127	1	1	1	1	1	1	1	1
3006128	1	1	1	1	1	1	1	1
3006131	0	0	0	1	1	0	0	0
3006136	0	1	1	1	1	1	1	1
3006138	1	0	0	0	0	0	0	0
3006152	0	0	0	0	1	0	0	0
3006153	1	1	0	0	0	0	0	0
3006155	1	0	0	1	0	0	1	1
3006161	0	0	1	0	0	1	0	0
3006182	0	0	0	0	0	1	0	0
3006188	1	1	0	0	0	0	0	0
3006199	0	1	1	0	1	0	0	0
3006202	0	0	0	0	0	1	0	0
3006209	0	0	0	0	0	0	1	0
3006211	1	1	1	1	1	0	1	1
3006224	1	1	0	1	1	1	1	1
3006226	0	0	0	0	0	1	0	0
3006229	0	1	1	1	0	1	0	1
3006231	0	1	0	0	0	0	0	0
3006233	1	1	1	1	1	1	1	1
3006243	0	0	0	0	0	0	1	0
3006257	1	1	1	0	1	1	1	1
3006258	0	1	1	1	1	1	0	1
3006259	1	0	0	1	0	0	1	1
3006262	0	1	0	0	0	0	0	0
3006264	0	0	0	0	1	0	0	0
3006269	0	0	0	0	0	1	0	1
3006270	0	0	0	1	0	0	0	0
3006277	0	1	1	0	1	0	0	0
3006278	1	1	0	1	0	0	0	1
3006279	0	0	1	0	0	0	0	1
3006296	1	1	1	1	0	1	1	1
3006301	0	0	0	0	0	0	1	0
3006302	0	0	1	0	0	0	0	0
3006303	0	0	0	0	1	0	0	0
3006305	1	1	1	0	0	1	0	1
3006306	0	0	0	0	1	0	0	0
3006345	1	1	1	1	1	1	1	1
3006363	0	1	1	0	0	1	0	1
3006365	0	0	0	0	0	1	0	0
3006371	1	1	1	0	1	1	1	1
3006378	0	1	1	1	1	1	1	1
3006388	1	0	0	0	1	0	0	0
3006391	1	1	1	0	1	0	0	1
3006396	1	0	0	0	0	0	0	0
3006398	0	1	1	1	0	1	1	1
3006423	1	1	1	1	1	1	1	1
3006424	0	1	1	1	1	1	1	1
3006425	0	0	0	0	0	0	1	0
3006433	0	0	0	0	0	0	0	1
3006439	0	0	0	0	0	0	1	0
3006449	1	1	0	0	0	0	0	0
3006460	0	0	0	1	0	0	0	0
3006469	1	1	1	1	1	1	1	1
3006478	1	1	1	1	1	1	1	1
3006479	1	1	1	1	1	1	1	1
3006539	0	0	0	0	0	0	1	0
3006544	0	0	1	0	1	0	1	1
3006571	1	1	1	1	1	1	1	1
3006591	1	1	0	1	1	1	1	1
3006607	1	1	1	1	0	0	0	0
3006617	0	1	1	1	0	1	1	0
3006640	1	1	1	1	1	1	1	1
3006689	0	1	1	1	0	0	0	1
3006715	0	0	1	0	0	1	0	1
3006799	1	1	1	1	1	1	1	1
3006803	0	1	0	1	0	1	0	0
3006805	1	1	1	1	1	0	1	1
3006842	0	0	0	1	0	0	1	0
3006853	1	1	1	1	1	1	1	1
3006858	1	0	0	0	0	0	0	0
3006864	1	1	1	1	1	1	1	1
3006865	1	1	1	1	1	1	1	1
3006868	0	0	0	0	0	0	1	0
3006871	0	1	0	1	1	1	1	0
3006872	1	1	1	1	1	1	1	1
3006873	1	1	1	1	1	1	1	1
3006876	0	0	0	0	0	0	1	0
3006880	1	1	1	1	1	1	1	1
3006882	1	0	0	0	0	0	1	1
3006883	1	0	0	0	0	0	0	0
3006884	1	1	1	1	1	1	1	1
3006885	0	0	1	0	0	0	0	0
3006886	1	1	0	1	1	1	1	1
3006889	1	1	1	1	1	1	1	1
3006890	0	0	0	1	1	0	1	0
3006891	1	1	1	0	0	1	0	1
3006894	1	1	1	1	1	0	1	1
3006895	1	1	1	1	1	1	1	1
3006896	1	1	1	1	1	1	1	1
3006898	0	1	0	0	0	0	0	0
3006900	1	0	0	0	0	0	0	0
3006902	0	0	1	1	1	1	1	1
3006903	1	0	0	0	0	0	0	0
3006904	0	0	0	0	0	1	0	0
3006905	1	1	1	1	1	1	1	1
3006906	0	1	0	0	0	1	1	0
3006910	0	1	1	1	0	1	1	1
3006911	1	1	1	0	0	0	1	1
3006914	0	0	0	1	1	1	0	0
3006917	1	1	1	0	1	1	1	1
3006921	0	0	0	0	0	0	1	0
3006923	0	0	0	0	1	0	0	0
3006924	1	1	1	1	1	1	1	1
3006925	1	1	1	1	1	0	1	1
3006926	0	1	0	0	0	0	0	0
3006931	1	1	0	1	1	0	1	0
3006936	0	0	0	1	0	1	1	0
3006941	1	1	1	1	1	1	1	1
3006943	0	0	0	1	1	0	1	0
3006944	0	0	1	0	1	0	0	1
3006948	0	1	1	1	0	1	1	1
3006950	0	0	0	0	1	0	0	0
3006951	0	0	0	1	0	0	0	0
3006952	1	1	0	1	1	1	1	0
3006954	1	0	0	1	1	1	1	1
3006955	1	1	1	1	1	1	1	1
3006959	1	1	1	0	1	1	0	1
3006962	0	0	0	1	0	0	1	0
3006963	0	1	1	1	1	1	1	1
3006964	0	1	1	1	1	1	1	1
3006965	1	1	1	1	1	1	1	1
3006972	1	0	0	0	0	0	0	1
3006975	0	0	0	0	0	1	0	0
3006976	1	0	0	0	0	0	0	0
3006978	1	1	1	1	1	1	1	1
3006979	0	1	0	0	0	0	0	0
3006980	1	1	1	1	1	1	1	1
3006981	1	1	1	0	0	1	1	0
3006983	1	1	1	1	1	1	1	1
3006985	1	0	1	1	0	0	0	1
3006986	0	1	1	0	1	0	1	0
3006987	1	1	1	1	1	1	1	1
3006990	1	0	0	0	0	0	0	0
3006994	1	1	1	1	1	1	1	1
3006995	0	0	0	1	0	0	0	1
3006996	0	1	1	0	0	0	0	0
3006997	1	1	1	1	1	1	1	1
3006999	0	0	0	0	0	0	1	0
3007000	1	1	1	1	1	1	1	1
3007002	1	1	1	1	1	1	1	1
3007004	1	1	1	0	1	1	0	1
3007005	1	1	1	1	1	1	1	1
3007006	0	1	1	1	1	1	1	1
3007010	1	1	1	1	1	1	1	1
3007011	0	1	1	1	1	1	1	1
3007013	1	1	1	1	1	1	1	1
3007017	0	1	1	1	1	1	1	1
3007019	1	1	1	0	0	1	0	1
3007021	0	0	0	0	0	0	0	1
3007026	1	1	1	1	1	1	1	1
3007027	1	1	1	1	1	1	1	1
3007028	1	1	1	1	1	1	1	1
3007029	1	1	1	1	1	1	1	1
3007032	0	1	1	1	1	1	1	1
3007041	1	1	1	1	1	1	1	1
3007042	1	1	1	1	1	1	1	1
3007043	1	1	1	1	1	1	1	1
3007044	1	1	1	1	1	1	1	1
3007049	1	1	1	1	1	1	1	1
3007050	0	1	1	1	1	1	1	1
3007055	1	1	1	1	1	1	1	1
3007059	1	1	1	1	1	1	1	1
3007060	1	1	1	1	1	1	1	1
3007062	0	0	0	0	0	0	1	1
3007069	0	0	0	0	0	0	0	1
3007085	1	1	1	1	1	1	1	1
3007098	0	0	0	0	0	0	1	0
3007099	1	1	1	1	1	1	1	1
3007101	0	0	1	0	1	1	1	1
3007104	0	0	0	0	0	0	1	1
3007105	1	0	0	0	0	0	0	0
3007108	0	0	0	1	0	0	0	0
3007109	0	0	1	0	0	0	0	0
3007110	0	1	1	1	1	1	1	1
3007111	0	0	0	1	1	1	0	0
3007112	0	0	0	0	0	0	1	0
3007118	1	1	1	1	1	1	1	1
3007119	1	1	1	1	1	1	1	1
3007120	1	1	1	1	1	1	1	1
3007121	1	1	1	0	1	1	0	1
3007122	1	1	1	1	1	1	1	1
3007123	0	0	0	0	0	0	1	0
3007124	1	1	1	1	1	0	1	1
3007127	1	1	1	1	1	1	1	1
3007137	1	1	1	1	1	1	1	1
3007180	1	0	1	0	0	0	0	0
3007182	0	0	0	0	1	0	1	0
3007188	1	1	0	1	1	0	1	0
3007189	1	0	1	1	1	1	1	1
3007190	0	0	0	0	1	1	0	0
3007191	0	0	0	0	0	0	1	0
3007192	1	1	0	0	0	1	1	0
3007199	1	1	1	1	1	1	1	1
3007208	1	1	1	1	1	1	1	1
3007209	1	1	1	1	1	1	1	1
3007215	0	0	0	1	0	0	1	0
3007227	1	1	1	1	1	1	1	1
3007229	1	1	1	1	1	1	1	1
3007234	0	0	0	1	1	0	1	0
3007243	1	1	1	1	1	1	1	1
3007244	1	1	1	1	1	1	1	1
3007245	1	0	0	0	0	0	0	0
3007249	0	0	1	1	1	1	1	1
3007253	0	1	0	0	0	0	0	0
3007266	0	0	0	0	1	0	0	0
3007270	0	1	1	1	0	1	0	1
3007273	0	0	0	0	0	0	1	0
3007274	0	0	0	1	0	1	1	0
3007275	0	1	1	0	0	0	0	0
3007276	1	0	1	0	0	0	0	1
3007277	1	1	0	1	1	1	1	1
3007278	1	1	1	1	1	1	1	1
3007281	1	0	1	0	0	0	0	1
3007282	1	1	1	1	1	1	1	1
3007284	0	0	0	1	1	0	1	0
3007285	1	1	1	1	0	1	0	1
3007287	0	0	0	0	1	0	1	1
3007288	0	0	0	0	1	0	0	1
3007289	1	1	1	1	1	1	1	1
3007368	1	1	1	1	1	1	1	1
3007371	0	0	0	0	1	0	0	0
3007374	1	1	1	1	1	1	1	1
3007401	1	1	1	1	1	1	1	1
3007427	1	1	1	1	1	1	1	1
3007433	1	1	1	1	1	1	1	1
3007435	0	0	0	0	1	0	1	1
3007437	0	1	1	1	1	1	1	1
3007438	0	0	0	1	1	1	1	0
3007442	1	0	1	1	0	1	1	1
3007456	0	1	1	1	0	1	1	1
3007459	0	1	1	1	0	1	1	1
3007461	1	1	1	1	1	1	0	1
3007464	1	1	1	1	1	0	1	1
3007470	0	0	1	0	0	1	0	1
3007483	1	1	1	1	1	0	1	1
3007492	1	0	1	1	1	1	1	1
3007493	1	1	1	1	1	1	1	1
3007494	0	0	0	1	1	0	1	0
3007509	1	1	1	1	1	1	1	1
3007510	1	1	0	1	1	1	1	0
3007533	0	0	1	1	0	0	0	1
3007539	1	1	1	1	1	1	1	1
3007637	0	0	0	0	1	0	0	0
3007644	1	1	1	1	1	1	1	1
3007645	1	1	1	1	1	1	1	1
3007650	1	1	1	1	1	1	1	1
3007662	1	0	0	0	1	0	1	0
3007669	1	1	1	1	1	1	1	1
3007671	1	1	1	1	1	1	1	1
3007678	1	1	1	1	1	1	1	1
3007682	1	1	1	1	1	1	1	1
